Title,Media URL,Pinterest board,Thumbnail,Description,Link,Publish date,Keywords,Source URL
Title,https://res.cloudinary.com/ddxyyzkuq/image/upload/v1745856312/pin_1_1_jewxs0.webp,please-provide-the-title-and-keywords-i-need-that-information-to-suggest-a-board-name-once,,Description,https://lawntrend.com/husqvarna-zero-turn-one-side-not-working-troubleshooting-guide/?utm_source=pinterest&utm_campaign=title,2025-04-28,Keywords,https://lawntrend.com/husqvarna-zero-turn-one-side-not-working-troubleshooting-guide/
Husqvarna Zero Turn: One Side Not Moving?,https://res.cloudinary.com/ddxyyzkuq/image/upload/v1745856319/pin_1_2_uhn3w4.webp,lawn-repair-ideas,,Is your Husqvarna zero turn refusing to cooperate? Don't let a frustrating mowing experience ruin your weekend! This guide dives deep into troubleshooting why one side isn't working,https://lawntrend.com/husqvarna-zero-turn-one-side-not-working-troubleshooting-guide/?utm_source=pinterest&utm_campaign=husqvarna-zero-turn-,2025-04-28,from simple fixes like checking the drive belt to more complex hydraulic issues. We'll help you diagnose the problem quickly and get back to enjoying a perfectly manicured lawn. Save time & money – DIY repair is possible! Click to learn more and reclaim your yard! #Husqvarna #ZeroTurn #LawnMower #Troubleshooting,https://lawntrend.com/husqvarna-zero-turn-one-side-not-working-troubleshooting-guide/
Husqvarna Zero Turn - Fix It Yourself!,https://res.cloudinary.com/ddxyyzkuq/image/upload/v1745856324/pin_1_3_beerj2.webp,lawn-repair-ideas,,"Don't spend a fortune on repairs! This comprehensive guide empowers you to troubleshoot a Husqvarna zero turn mower when one side isn't driving. We cover common culprits like sheared keys, low hydraulic fluid",https://lawntrend.com/husqvarna-zero-turn-one-side-not-working-troubleshooting-guide/?utm_source=pinterest&utm_campaign=husqvarna-zero-turn-,2025-04-28,and clogged filters.  We break down each step with clear instructions and helpful visuals.  Get your mower running smoothly again and enjoy a stress-free summer! Click to read now! #ZeroTurnMower #HusqvarnaRepair #DIYLawnCare #MowerFix,https://lawntrend.com/husqvarna-zero-turn-one-side-not-working-troubleshooting-guide/
Zero Turn Troubles? We Can Help!,https://res.cloudinary.com/ddxyyzkuq/image/upload/v1745856331/pin_1_4_hwnih5.webp,mower-repair-ideas,,Facing a frustrating Husqvarna zero turn issue? One side not moving is a common problem,https://lawntrend.com/husqvarna-zero-turn-one-side-not-working-troubleshooting-guide/?utm_source=pinterest&utm_campaign=zero-turn-troubles-w,2025-04-28,but it doesn't have to mean a costly repair bill. Our guide provides a step-by-step approach to diagnosing and fixing the issue.  We'll help you identify the root cause and get you back to mowing in no time.  Don't let a broken mower slow you down! Click for the solution! #HusqvarnaZeroTurn #MowerRepair #LawnCareTips #ZeroTurn,https://lawntrend.com/husqvarna-zero-turn-one-side-not-working-troubleshooting-guide/
Husqvarna Zero Turn: Belt Issues?,https://res.cloudinary.com/ddxyyzkuq/image/upload/v1745856337/pin_1_5_fe3eua.webp,lawn-repair-ideas,,"Is a worn or broken drive belt causing your Husqvarna zero turn to pull to one side?  Our guide details how to inspect, replace",https://lawntrend.com/husqvarna-zero-turn-one-side-not-working-troubleshooting-guide/?utm_source=pinterest&utm_campaign=husqvarna-zero-turn-,2025-04-28,and adjust your mower's drive belt system.  We'll show you how to avoid common mistakes and ensure a proper repair.  Keep your lawn looking its best with a properly maintained mower! Click to learn more! #DriveBelt #Husqvarna #ZeroTurnRepair #LawnMaintenance,https://lawntrend.com/husqvarna-zero-turn-one-side-not-working-troubleshooting-guide/
Hydraulic Fluid: Zero Turn Savior?,https://res.cloudinary.com/ddxyyzkuq/image/upload/v1745856343/pin_1_6_wrvefc.webp,lawn-care-ideas,,"Low or contaminated hydraulic fluid is a frequent cause of one-sided movement in Husqvarna zero turns.  This guide explains how to check, top off",https://lawntrend.com/husqvarna-zero-turn-one-side-not-working-troubleshooting-guide/?utm_source=pinterest&utm_campaign=hydraulic-fluid-zero,2025-04-28,and flush your mower's hydraulic system.  Protect your investment and ensure optimal performance.  Don't ignore this crucial maintenance step! Click to read the full guide. #HydraulicFluid #ZeroTurnMaintenance #HusqvarnaMower #LawnCare,https://lawntrend.com/husqvarna-zero-turn-one-side-not-working-troubleshooting-guide/
Zero Turn Won't Drive Straight?,https://res.cloudinary.com/ddxyyzkuq/image/upload/v1745856350/pin_1_7_pl6vot.webp,lawn-care-ideas,,"Is your Husqvarna zero turn pulling to one side?  Our guide helps you pinpoint the cause, whether it's a drive belt, hydraulic issue",https://lawntrend.com/husqvarna-zero-turn-one-side-not-working-troubleshooting-guide/?utm_source=pinterest&utm_campaign=zero-turn-wont-drive,2025-04-28,or something else.  We offer practical solutions to get your mower driving straight again.  Enjoy a perfectly even cut every time! Click to read now. #ZeroTurn #Husqvarna #LawnMowerRepair #StraightLineMowing,https://lawntrend.com/husqvarna-zero-turn-one-side-not-working-troubleshooting-guide/
Husqvarna Zero Turn: Filter Check!,https://res.cloudinary.com/ddxyyzkuq/image/upload/v1745856356/pin_1_8_vmh0ep.webp,lawn-repair-ideas,,"Clogged filters can restrict hydraulic flow and cause one side of your zero turn to malfunction.  Learn how to locate, remove",https://lawntrend.com/husqvarna-zero-turn-one-side-not-working-troubleshooting-guide/?utm_source=pinterest&utm_campaign=husqvarna-zero-turn-,2025-04-28,and replace your mower's filters.  Regular filter maintenance is essential for optimal performance and longevity.  Keep your mower running smoothly! Click for details. #ZeroTurnFilters #HusqvarnaMaintenance #LawnCare #MowerTips,https://lawntrend.com/husqvarna-zero-turn-one-side-not-working-troubleshooting-guide/
Zero Turn Repair: Save Money Now!,https://res.cloudinary.com/ddxyyzkuq/image/upload/v1745856362/pin_1_9_jnlo2f.webp,lawn-care-ideas,,Don't let a broken Husqvarna zero turn break the bank! Our guide provides a cost-effective way to diagnose and repair common issues,https://lawntrend.com/husqvarna-zero-turn-one-side-not-working-troubleshooting-guide/?utm_source=pinterest&utm_campaign=zero-turn-repair-sav,2025-04-28,including one-sided movement.  Empower yourself with the knowledge to tackle DIY repairs and save on expensive service calls. Click to start saving! #DIYRepair #HusqvarnaZeroTurn #MowerSavings #LawnCareBudget,https://lawntrend.com/husqvarna-zero-turn-one-side-not-working-troubleshooting-guide/
Zero Turn Mower: Preventative Care,https://res.cloudinary.com/ddxyyzkuq/image/upload/v1745856368/pin_1_10_kovzi0.webp,lawn-care-ideas,,Don't wait for a breakdown! This guide focuses on preventative maintenance for your Husqvarna zero turn,https://lawntrend.com/husqvarna-zero-turn-one-side-not-working-troubleshooting-guide/?utm_source=pinterest&utm_campaign=zero-turn-mower-prev,2025-04-28,helping you avoid issues like one-sided movement.  Regular maintenance extends the life of your mower and saves you money in the long run. Click for tips! #PreventativeMaintenance #ZeroTurn #Husqvarna #LawnCare,https://lawntrend.com/husqvarna-zero-turn-one-side-not-working-troubleshooting-guide/
Zero Turn Troubleshooting: Step-by-Step,https://res.cloudinary.com/ddxyyzkuq/image/upload/v1745856374/pin_1_11_uotk82.webp,mower-repair-ideas,,"Feeling overwhelmed?  Our guide provides a clear, step-by-step approach to troubleshooting a Husqvarna zero turn that's not driving on one side.  We break down the process into manageable steps",https://lawntrend.com/husqvarna-zero-turn-one-side-not-working-troubleshooting-guide/?utm_source=pinterest&utm_campaign=zero-turn-troublesho,2025-04-28,making it easy to follow. Click to get started! #Troubleshooting #ZeroTurn #Husqvarna #LawnCareGuide,https://lawntrend.com/husqvarna-zero-turn-one-side-not-working-troubleshooting-guide/
Husqvarna Zero Turn: Repair Resources,https://res.cloudinary.com/ddxyyzkuq/image/upload/v1745856379/pin_1_12_fds9mu.webp,lawn-repair-ideas,,"Need more help? This guide links to valuable resources for Husqvarna zero turn repair, including parts diagrams, online forums",https://lawntrend.com/husqvarna-zero-turn-one-side-not-working-troubleshooting-guide/?utm_source=pinterest&utm_campaign=husqvarna-zero-turn-,2025-04-28,and service manuals. Get the support you need to tackle any repair. Click to explore! #RepairResources #Husqvarna #ZeroTurn #LawnCareHelp,https://lawntrend.com/husqvarna-zero-turn-one-side-not-working-troubleshooting-guide/
Zero Turn: Avoid Common Mistakes,https://res.cloudinary.com/ddxyyzkuq/image/upload/v1745856385/pin_1_13_kocsei.webp,lawn-care-ideas,,Don't make these common mistakes when repairing your Husqvarna zero turn! Our guide highlights pitfalls to avoid,https://lawntrend.com/husqvarna-zero-turn-one-side-not-working-troubleshooting-guide/?utm_source=pinterest&utm_campaign=zero-turn-avoid-comm,2025-04-28,ensuring a successful repair and preventing further damage. Click to learn from our experience! #CommonMistakes #ZeroTurnRepair #Husqvarna #LawnCareTips,https://lawntrend.com/husqvarna-zero-turn-one-side-not-working-troubleshooting-guide/
Husqvarna Zero Turn: Winterizing Tips,https://res.cloudinary.com/ddxyyzkuq/image/upload/v1745856391/pin_1_14_i3lppg.webp,lawn-repair-ideas,,Prepare your Husqvarna zero turn for winter storage! This guide includes essential steps to protect your mower from damage during the off-season,https://lawntrend.com/husqvarna-zero-turn-one-side-not-working-troubleshooting-guide/?utm_source=pinterest&utm_campaign=husqvarna-zero-turn-,2025-04-28,preventing issues like one-sided movement. Click to winterize now! #Winterizing #ZeroTurn #Husqvarna #LawnCarePrep,https://lawntrend.com/husqvarna-zero-turn-one-side-not-working-troubleshooting-guide/
Zero Turn: The Importance of Belts,https://res.cloudinary.com/ddxyyzkuq/image/upload/v1745856397/pin_1_15_hb3rbp.webp,lawn-care-ideas,,"Learn why your Husqvarna zero turn's belts are so important and how to keep them in good condition. This guide covers belt inspection, tensioning",https://lawntrend.com/husqvarna-zero-turn-one-side-not-working-troubleshooting-guide/?utm_source=pinterest&utm_campaign=zero-turn-the-import,2025-04-28,and replacement. A well-maintained belt system ensures optimal performance. Click to learn more! #Belts #ZeroTurnMaintenance #Husqvarna #LawnCare,https://lawntrend.com/husqvarna-zero-turn-one-side-not-working-troubleshooting-guide/
Husqvarna Zero Turn: Get Back to Mowing!,https://res.cloudinary.com/ddxyyzkuq/image/upload/v1745856402/pin_1_16_wbwqbp.webp,lawn-repair-ideas,,Don't let a malfunctioning zero turn ruin your summer! This guide provides the knowledge and confidence to diagnose and repair common issues,https://lawntrend.com/husqvarna-zero-turn-one-side-not-working-troubleshooting-guide/?utm_source=pinterest&utm_campaign=husqvarna-zero-turn-,2025-04-28,including one-sided movement. Reclaim your weekends and enjoy a beautiful lawn! Click to read now! #GetMowing #Husqvarna #ZeroTurn #LawnCare,https://lawntrend.com/husqvarna-zero-turn-one-side-not-working-troubleshooting-guide/
Title,https://res.cloudinary.com/ddxyyzkuq/image/upload/v1745857311/pin_1_1_btf13d.webp,please-provide-the-title-and-keywords-i-need-that-information-to-suggest-a-board-name-once,,Description,https://lawntrend.com/gravely-zt-hd-zero-turn-mower-troubleshoot-guide/?utm_source=pinterest&utm_campaign=title,2025-04-28,Keywords,https://lawntrend.com/gravely-zt-hd-zero-turn-mower-troubleshoot-guide/
Gravely ZT HD Troubleshooting: Quick Fixes!,https://res.cloudinary.com/ddxyyzkuq/image/upload/v1745857317/pin_1_2_xy3gua.webp,lawn-repair-ideas,,"Is your Gravely ZT HD zero-turn mower giving you headaches? Don't let lawn care be a struggle! This guide tackles common issues like starting problems, uneven cuts, and blade engagement failures. We break down troubleshooting steps even a beginner can follow, saving you time & money on repairs.  Get back to enjoying your perfectly manicured lawn! Click to learn how to diagnose & fix your mower today.  Don't delay, a beautiful lawn awaits! #Gravely #ZeroTurnMower #LawnCare #MowerRepair,Gravely,Zero Turn,Troubleshooting",https://lawntrend.com/gravely-zt-hd-zero-turn-mower-troubleshoot-guide/?utm_source=pinterest&utm_campaign=gravely-zt-hd-troubl,2025-04-28,Repair,https://lawntrend.com/gravely-zt-hd-zero-turn-mower-troubleshoot-guide/
ZT HD Won't Start? Diagnose It Now!,https://res.cloudinary.com/ddxyyzkuq/image/upload/v1745857323/pin_1_3_amh3b4.webp,small-engine-ideas,,"Frustrated with a Gravely ZT HD that refuses to start?  Before calling a repair shop, check these simple solutions! We cover everything from fuel issues and battery problems to safety switch malfunctions.  This guide empowers you to quickly identify the cause and get your mower running smoothly.  Avoid the expense of professional service and reclaim your weekend! Click to read the full troubleshooting guide. #GravelyZT #ZeroTurn #MowerProblems #DIYRepair,Starting Issues,Gravely,Zero Turn",https://lawntrend.com/gravely-zt-hd-zero-turn-mower-troubleshoot-guide/?utm_source=pinterest&utm_campaign=zt-hd-wont-start-dia,2025-04-28,Battery,https://lawntrend.com/gravely-zt-hd-zero-turn-mower-troubleshoot-guide/
Uneven Cut? Gravely ZT HD Blade Fixes,https://res.cloudinary.com/ddxyyzkuq/image/upload/v1745857329/pin_1_4_qjq0am.webp,lawn-care-ideas,,"An uneven cut is frustrating!  This guide dives into the reasons why your Gravely ZT HD might be leaving streaks or scalping your lawn. We cover blade sharpening, deck leveling, tire pressure, and more.  Achieve a professional-looking lawn without the professional price tag.  Click to learn how to get a perfectly even cut every time!  Don't settle for less! #GravelyMower #LawnStripes #BladeSharpening #DeckLeveling,Blade Adjustment,Uneven Cut,Deck Leveling",https://lawntrend.com/gravely-zt-hd-zero-turn-mower-troubleshoot-guide/?utm_source=pinterest&utm_campaign=uneven-cut-gravely-z,2025-04-28,Gravely,https://lawntrend.com/gravely-zt-hd-zero-turn-mower-troubleshoot-guide/
Gravely ZT HD: Fuel System Troubleshooting,https://res.cloudinary.com/ddxyyzkuq/image/upload/v1745857335/pin_1_5_pb101l.webp,lawn-mower-ideas,,"Is your Gravely ZT HD experiencing fuel delivery problems?  This guide provides a step-by-step approach to diagnosing and resolving issues with your fuel lines, fuel filter, and carburetor.  Don't let a clogged fuel system ruin your mowing experience.  Keep your mower running efficiently and powerfully. Click to learn more and get back to work! #FuelSystem #GravelyRepair #ZeroTurnLife #MowerMaintenance,Fuel Filter,Carburetor,Fuel System",https://lawntrend.com/gravely-zt-hd-zero-turn-mower-troubleshoot-guide/?utm_source=pinterest&utm_campaign=gravely-zt-hd-fuel-s,2025-04-28,Gravely,https://lawntrend.com/gravely-zt-hd-zero-turn-mower-troubleshoot-guide/
ZT HD Safety Switch Issues? We Can Help!,https://res.cloudinary.com/dbcpfy04c/image/upload/v1618237451/placeholder.jpg,home-inspiration,,"Safety first!  If your Gravely ZT HD won't engage, a faulty safety switch could be the culprit.  This guide explains how to identify and test common safety switches, ensuring your mower operates safely and reliably.  Don't risk injury – learn how to troubleshoot this critical system. Click for a detailed walkthrough! #SafetyFirst #GravelyZT #MowerSafety #ZeroTurn,Safety Switch,Interlock,Gravely",https://lawntrend.com/gravely-zt-hd-zero-turn-mower-troubleshoot-guide/?utm_source=pinterest&utm_campaign=zt-hd-safety-switch-,2025-04-28,Repair,https://lawntrend.com/gravely-zt-hd-zero-turn-mower-troubleshoot-guide/
Gravely ZT HD: Belt Replacement Guide,https://res.cloudinary.com/dbcpfy04c/image/upload/v1618237451/placeholder.jpg,home-inspiration,,"A worn or broken belt can bring your Gravely ZT HD to a halt.  This guide provides clear instructions on how to safely and effectively replace your mower's belts.  Save money on repair costs and keep your mower running smoothly.  Don't get stuck with a broken mower – learn how to fix it yourself! Click to read the full guide. #BeltReplacement #GravelyMower #DIYMowerRepair #ZeroTurnBelt,Belt Replacement,Drive Belt,Gravely",https://lawntrend.com/gravely-zt-hd-zero-turn-mower-troubleshoot-guide/?utm_source=pinterest&utm_campaign=gravely-zt-hd-belt-r,2025-04-28,Maintenance,https://lawntrend.com/gravely-zt-hd-zero-turn-mower-troubleshoot-guide/
Troubleshooting Gravely ZT HD Hydraulics,https://res.cloudinary.com/dbcpfy04c/image/upload/v1618237451/placeholder.jpg,home-inspiration,,"Hydraulic issues can be complex. This guide simplifies troubleshooting common problems with your Gravely ZT HD's hydraulic system. We cover leaks, low pressure, and erratic movement.  Don't let hydraulic problems slow you down. Click to learn how to diagnose and fix these issues! #Hydraulics #GravelyRepair #ZeroTurnProblems #MowerFix,Hydraulic Fluid,Hydraulic Pump,Gravely",https://lawntrend.com/gravely-zt-hd-zero-turn-mower-troubleshoot-guide/?utm_source=pinterest&utm_campaign=troubleshooting-grav,2025-04-28,Troubleshooting,https://lawntrend.com/gravely-zt-hd-zero-turn-mower-troubleshoot-guide/
Gravely ZT HD: Electrical System Diagnosis,https://res.cloudinary.com/dbcpfy04c/image/upload/v1618237451/placeholder.jpg,home-inspiration,,"Is your Gravely ZT HD experiencing electrical problems? This guide helps you diagnose issues with the wiring, solenoid, and ignition system.  Don't be intimidated by electrical repairs – we'll walk you through it step-by-step. Click to learn how to get your mower back in action! #ElectricalRepair #GravelyZT #ZeroTurnElectric #MowerWiring,Wiring,Solenoid,Electrical System",https://lawntrend.com/gravely-zt-hd-zero-turn-mower-troubleshoot-guide/?utm_source=pinterest&utm_campaign=gravely-zt-hd-electr,2025-04-28,Gravely,https://lawntrend.com/gravely-zt-hd-zero-turn-mower-troubleshoot-guide/
ZT HD Mower Vibrating? Find the Cause!,https://res.cloudinary.com/dbcpfy04c/image/upload/v1618237451/placeholder.jpg,home-inspiration,,"Excessive vibration can damage your Gravely ZT HD. This guide helps you pinpoint the source of the vibration, from loose components to unbalanced blades.  Protect your investment and enjoy a smoother mowing experience. Click to learn how to diagnose and fix the problem! #MowerVibration #GravelyRepair #ZeroTurnFix #SmoothRide,Vibration,Blade Balance,Gravely",https://lawntrend.com/gravely-zt-hd-zero-turn-mower-troubleshoot-guide/?utm_source=pinterest&utm_campaign=zt-hd-mower-vibratin,2025-04-28,Diagnosis,https://lawntrend.com/gravely-zt-hd-zero-turn-mower-troubleshoot-guide/
Gravely ZT HD: Cleaning & Maintenance Tips,https://res.cloudinary.com/dbcpfy04c/image/upload/v1618237451/placeholder.jpg,home-inspiration,,"Keep your Gravely ZT HD running like new with these essential cleaning and maintenance tips.  We cover everything from deck cleaning to oil changes.  Preventative maintenance saves you money and extends the life of your mower. Click to learn how to keep your mower in top condition! #MowerMaintenance #GravelyCare #ZeroTurnTips #LawnCareTips,Cleaning,Maintenance,Gravely",https://lawntrend.com/gravely-zt-hd-zero-turn-mower-troubleshoot-guide/?utm_source=pinterest&utm_campaign=gravely-zt-hd-cleani,2025-04-28,Preventative,https://lawntrend.com/gravely-zt-hd-zero-turn-mower-troubleshoot-guide/
ZT HD Clutch Problems? Troubleshooting Guide,https://res.cloudinary.com/dbcpfy04c/image/upload/v1618237451/placeholder.jpg,home-inspiration,,"A slipping or failing clutch can ruin your mowing experience. This guide helps you diagnose and fix common clutch problems on your Gravely ZT HD.  Don't let a faulty clutch slow you down. Click to learn how to get your mower back to peak performance! #ClutchRepair #GravelyZT #ZeroTurnClutch #MowerFix,Clutch,Engagement,Gravely",https://lawntrend.com/gravely-zt-hd-zero-turn-mower-troubleshoot-guide/?utm_source=pinterest&utm_campaign=zt-hd-clutch-problem,2025-04-28,Repair,https://lawntrend.com/gravely-zt-hd-zero-turn-mower-troubleshoot-guide/
Gravely ZT HD: Deck Maintenance Secrets,https://res.cloudinary.com/dbcpfy04c/image/upload/v1618237451/placeholder.jpg,home-inspiration,,"Your mower deck takes a beating! Learn how to properly maintain and repair your Gravely ZT HD's deck to ensure optimal performance and longevity.  From cleaning to patching, we've got you covered. Click to learn the secrets to a healthy deck! #MowerDeck #GravelyRepair #ZeroTurnDeck #LawnCare,Deck Repair,Deck Cleaning,Gravely",https://lawntrend.com/gravely-zt-hd-zero-turn-mower-troubleshoot-guide/?utm_source=pinterest&utm_campaign=gravely-zt-hd-deck-m,2025-04-28,Maintenance,https://lawntrend.com/gravely-zt-hd-zero-turn-mower-troubleshoot-guide/
ZT HD Steering Issues? Diagnose & Fix!,https://res.cloudinary.com/dbcpfy04c/image/upload/v1618237451/placeholder.jpg,home-inspiration,,"Is your Gravely ZT HD steering feeling stiff or unresponsive? This guide helps you diagnose and fix common steering problems.  Enjoy smooth, precise control over your mower. Click to learn how to get your steering back on track! #SteeringRepair #GravelyZT #ZeroTurnSteering #MowerControl,Steering,Control,Gravely",https://lawntrend.com/gravely-zt-hd-zero-turn-mower-troubleshoot-guide/?utm_source=pinterest&utm_campaign=zt-hd-steering-issue,2025-04-28,Troubleshooting,https://lawntrend.com/gravely-zt-hd-zero-turn-mower-troubleshoot-guide/
Gravely ZT HD: Oil Change Step-by-Step,https://res.cloudinary.com/dbcpfy04c/image/upload/v1618237451/placeholder.jpg,home-inspiration,,"Regular oil changes are crucial for your Gravely ZT HD's engine health. This guide provides a clear, step-by-step process for changing your mower's oil.  Keep your engine running smoothly and reliably. Click to learn how to do it yourself! #OilChange #GravelyMaintenance #ZeroTurnOil #EngineCare,Oil Change,Engine,Gravely",https://lawntrend.com/gravely-zt-hd-zero-turn-mower-troubleshoot-guide/?utm_source=pinterest&utm_campaign=gravely-zt-hd-oil-ch,2025-04-28,Maintenance,https://lawntrend.com/gravely-zt-hd-zero-turn-mower-troubleshoot-guide/
ZT HD Overheating? Troubleshooting Tips,https://res.cloudinary.com/dbcpfy04c/image/upload/v1618237451/placeholder.jpg,home-inspiration,,"Is your Gravely ZT HD overheating? This guide helps you diagnose and fix common causes of overheating, from clogged cooling fins to low oil levels.  Prevent engine damage and keep your mower running cool. Click to learn how to avoid overheating! #Overheating #GravelyRepair #ZeroTurnCooling #EngineProblems,Cooling System,Engine,Gravely",https://lawntrend.com/gravely-zt-hd-zero-turn-mower-troubleshoot-guide/?utm_source=pinterest&utm_campaign=zt-hd-overheating-tr,2025-04-28,Troubleshooting,https://lawntrend.com/gravely-zt-hd-zero-turn-mower-troubleshoot-guide/
Gravely ZT HD: Tire Pressure & Maintenance,https://res.cloudinary.com/dbcpfy04c/image/upload/v1618237451/placeholder.jpg,home-inspiration,,"Proper tire pressure is essential for a smooth ride and optimal performance. This guide covers how to check and maintain your Gravely ZT HD's tires.  Extend tire life and improve your mowing experience. Click to learn more! #TirePressure #GravelyZT #ZeroTurnTires #LawnCare,Tire Pressure,Tires,Gravely",https://lawntrend.com/gravely-zt-hd-zero-turn-mower-troubleshoot-guide/?utm_source=pinterest&utm_campaign=gravely-zt-hd-tire-p,2025-04-28,Maintenance,https://lawntrend.com/gravely-zt-hd-zero-turn-mower-troubleshoot-guide/
ZT HD: Diagnosing & Fixing Blade Wobble,https://res.cloudinary.com/dbcpfy04c/image/upload/v1618237451/placeholder.jpg,home-inspiration,,"Blade wobble can be dangerous and damaging. This guide helps you diagnose and fix blade wobble on your Gravely ZT HD.  Ensure safe and efficient mowing. Click to learn how to stabilize your blades! #BladeWobble #GravelyRepair #ZeroTurnBlades #MowerSafety,Blade Wobble,Blade,Gravely",https://lawntrend.com/gravely-zt-hd-zero-turn-mower-troubleshoot-guide/?utm_source=pinterest&utm_campaign=zt-hd-diagnosing-fix,2025-04-28,Repair,https://lawntrend.com/gravely-zt-hd-zero-turn-mower-troubleshoot-guide/
Gravely ZT HD: Understanding Error Codes,https://res.cloudinary.com/ddxyyzkuq/image/upload/v1745857368/pin_1_19_jhnk5d.webp,lawn-mower-ideas,,"Decoding error codes on your Gravely ZT HD can save you time and money. This guide explains common error codes and their meanings.  Quickly identify the problem and get your mower back to work. Click to learn how to interpret those codes! #ErrorCodes #GravelyZT #ZeroTurnDiagnostics #MowerHelp,Error Codes,Diagnostics,Gravely",https://lawntrend.com/gravely-zt-hd-zero-turn-mower-troubleshoot-guide/?utm_source=pinterest&utm_campaign=gravely-zt-hd-unders,2025-04-28,Troubleshooting,https://lawntrend.com/gravely-zt-hd-zero-turn-mower-troubleshoot-guide/
ZT HD: Preventing Rust & Corrosion,https://res.cloudinary.com/ddxyyzkuq/image/upload/v1745857374/pin_1_20_xt3etp.webp,rust-prevention-ideas,,"Protect your Gravely ZT HD from rust and corrosion with these preventative measures.  Extend the life of your mower and keep it looking its best. Click to learn how to safeguard your investment! #RustPrevention #GravelyCare #ZeroTurnProtection #MowerCare,Rust Prevention,Corrosion,Gravely",https://lawntrend.com/gravely-zt-hd-zero-turn-mower-troubleshoot-guide/?utm_source=pinterest&utm_campaign=zt-hd-preventing-rus,2025-04-28,Maintenance,https://lawntrend.com/gravely-zt-hd-zero-turn-mower-troubleshoot-guide/
Gravely ZT HD: Winter Storage Checklist,https://res.cloudinary.com/ddxyyzkuq/image/upload/v1745857379/pin_1_21_wm7f1w.webp,lawn-mower-ideas,,"Proper winter storage is crucial for your Gravely ZT HD. This guide provides a comprehensive checklist to prepare your mower for the off-season.  Ensure a smooth start next spring. Click to learn how to winterize your mower! #WinterStorage #GravelyZT #ZeroTurnPrep #LawnCare,Winterizing,Storage,Gravely",https://lawntrend.com/gravely-zt-hd-zero-turn-mower-troubleshoot-guide/?utm_source=pinterest&utm_campaign=gravely-zt-hd-winter,2025-04-28,Maintenance,https://lawntrend.com/gravely-zt-hd-zero-turn-mower-troubleshoot-guide/
ZT HD: Replacing the Air Filter - Easy Guide,https://res.cloudinary.com/ddxyyzkuq/image/upload/v1745857385/pin_1_22_izeqvy.webp,car-maintenance-ideas,,"A clean air filter is vital for engine performance. This guide provides a simple, step-by-step process for replacing your Gravely ZT HD's air filter.  Improve fuel efficiency and extend engine life. Click to learn how! #AirFilter #GravelyRepair #ZeroTurnFilter #EngineCare,Air Filter,Engine,Gravely",https://lawntrend.com/gravely-zt-hd-zero-turn-mower-troubleshoot-guide/?utm_source=pinterest&utm_campaign=zt-hd-replacing-the-,2025-04-28,Maintenance,https://lawntrend.com/gravely-zt-hd-zero-turn-mower-troubleshoot-guide/
Gravely ZT HD: Spark Plug Replacement Guide,https://res.cloudinary.com/ddxyyzkuq/image/upload/v1745857391/pin_1_23_blf1bo.webp,lawn-mower-ideas,,"Keep your engine firing on all cylinders with a fresh spark plug! This guide shows you how to easily replace the spark plug on your Gravely ZT HD.  Improve starting and performance. Click to learn more! #SparkPlug #GravelyZT #ZeroTurnEngine #MowerTuneUp,Spark Plug,Engine,Gravely",https://lawntrend.com/gravely-zt-hd-zero-turn-mower-troubleshoot-guide/?utm_source=pinterest&utm_campaign=gravely-zt-hd-spark-,2025-04-28,Maintenance,https://lawntrend.com/gravely-zt-hd-zero-turn-mower-troubleshoot-guide/
ZT HD: Troubleshooting Low Power Issues,https://res.cloudinary.com/ddxyyzkuq/image/upload/v1745857398/pin_1_24_qbcdnx.webp,tech-help-ideas,,"Experiencing low power with your Gravely ZT HD? This guide helps you diagnose and fix common causes of reduced performance.  Get your mower back to its full potential. Click to learn how! #LowPower #GravelyRepair #ZeroTurnPerformance #MowerFix,Power Loss,Engine,Gravely",https://lawntrend.com/gravely-zt-hd-zero-turn-mower-troubleshoot-guide/?utm_source=pinterest&utm_campaign=zt-hd-troubleshootin,2025-04-28,Troubleshooting,https://lawntrend.com/gravely-zt-hd-zero-turn-mower-troubleshoot-guide/
Gravely ZT HD: Finding Replacement Parts,https://res.cloudinary.com/dbcpfy04c/image/upload/v1618237451/placeholder.jpg,home-inspiration,,"Need replacement parts for your Gravely ZT HD? This guide provides resources and tips for finding the right parts quickly and easily.  Keep your mower running smoothly with genuine Gravely parts. Click to learn where to look! #ReplacementParts #GravelyZT #ZeroTurnParts #MowerRepair,Parts,Gravely",https://lawntrend.com/gravely-zt-hd-zero-turn-mower-troubleshoot-guide/?utm_source=pinterest&utm_campaign=gravely-zt-hd-findin,2025-04-28,Repair,https://lawntrend.com/gravely-zt-hd-zero-turn-mower-troubleshoot-guide/
Title,https://res.cloudinary.com/ddxyyzkuq/image/upload/v1745857492/pin_1_1_ndmei0.webp,please-provide-the-title-and-keywords-i-need-that-information-to-suggest-a-board-name-once,,Description,https://lawntrend.com/cub-cadet-xt2-push-button-start-problems/?utm_source=pinterest&utm_campaign=title,2025-04-28,Keywords,https://lawntrend.com/cub-cadet-xt2-push-button-start-problems/
Cub Cadet XT2: Start Issues Solved!,https://res.cloudinary.com/ddxyyzkuq/image/upload/v1745857498/pin_1_2_fljjji.webp,lawn-repair-ideas,,"Is your Cub Cadet XT2 refusing to start with the push button? Don't let a frustrating lawnmower ruin your weekend! This guide dives deep into common XT2 push-button start problems, from battery woes to faulty safety switches. We'll walk you through troubleshooting steps, easy fixes",https://lawntrend.com/cub-cadet-xt2-push-button-start-problems/?utm_source=pinterest&utm_campaign=cub-cadet-xt2-start-,2025-04-28,and when it's time to call a pro. Get back to enjoying your perfectly manicured lawn ASAP! Click to learn how to diagnose & fix it yourself. #CubCadet #XT2 #LawnMowerRepair #PushButtonStart,https://lawntrend.com/cub-cadet-xt2-push-button-start-problems/
Cub Cadet XT2 Won't Start? Quick Fixes,https://res.cloudinary.com/ddxyyzkuq/image/upload/v1745857505/pin_1_3_xaz21x.webp,lawn-repair-ideas,,"Don't panic! A Cub Cadet XT2 that won't start can be incredibly frustrating, especially when you're eager to tackle your yard work. This post breaks down the most frequent causes of push-button start failures, including solenoid issues and wiring problems. We provide clear",https://lawntrend.com/cub-cadet-xt2-push-button-start-problems/?utm_source=pinterest&utm_campaign=cub-cadet-xt2-wont-s,2025-04-28,step-by-step instructions to help you identify the culprit and get your mower running smoothly again. Save time & money – read now! #CubCadetXT2 #LawnCare #DIYRepair #MowerProblems,https://lawntrend.com/cub-cadet-xt2-push-button-start-problems/
XT2 Push Button Start: Battery Basics,https://res.cloudinary.com/ddxyyzkuq/image/upload/v1745857511/pin_1_4_nzfa0d.webp,lawn-repair-ideas,,"Is a weak battery the reason your Cub Cadet XT2 isn't starting? Learn how to properly test your battery, understand charging systems",https://lawntrend.com/cub-cadet-xt2-push-button-start-problems/?utm_source=pinterest&utm_campaign=xt2-push-button-star,2025-04-28,and know when it's time for a replacement. We cover battery maintenance tips to extend its life and prevent future starting issues. Don't get stuck with a dead mower – empower yourself with knowledge! Click to learn more. #CubCadet #BatteryMaintenance #XT2Repair #LawnMower,https://lawntrend.com/cub-cadet-xt2-push-button-start-problems/
Cub Cadet XT2: Safety Switch Secrets,https://res.cloudinary.com/ddxyyzkuq/image/upload/v1745857518/pin_1_5_gnlngc.webp,lawn-repair-ideas,,"Your Cub Cadet XT2's safety switches are crucial for safe operation, but they can also cause starting problems. This guide explains how these switches work, how to identify a faulty one",https://lawntrend.com/cub-cadet-xt2-push-button-start-problems/?utm_source=pinterest&utm_campaign=cub-cadet-xt2-safety,2025-04-28,and how to test them. Don't risk injury – ensure your mower's safety features are functioning correctly! Learn how to troubleshoot and replace them. #SafetyFirst #CubCadetXT2 #LawnMowerSafety #RepairGuide,https://lawntrend.com/cub-cadet-xt2-push-button-start-problems/
XT2 Starting Problems: Solenoid Solutions,https://res.cloudinary.com/ddxyyzkuq/image/upload/v1745857524/pin_1_6_o31lfa.webp,lawn-mower-inspiration,,"A faulty solenoid can prevent your Cub Cadet XT2 from starting. This post details how to diagnose a bad solenoid, test it with a multimeter",https://lawntrend.com/cub-cadet-xt2-push-button-start-problems/?utm_source=pinterest&utm_campaign=xt2-starting-problem,2025-04-28,and replace it with a new one. We provide clear instructions and helpful visuals to guide you through the process. Get your mower back in action quickly! #CubCadet #Solenoid #XT2 #LawnMowerFix,https://lawntrend.com/cub-cadet-xt2-push-button-start-problems/
Cub Cadet XT2: Wiring Issues Explained,https://res.cloudinary.com/ddxyyzkuq/image/upload/v1745857530/pin_1_7_l8euhq.webp,lawn-repair-ideas,,"Frustrated with intermittent starting problems? Your Cub Cadet XT2's wiring could be the culprit. This guide covers common wiring issues, how to inspect for damage",https://lawntrend.com/cub-cadet-xt2-push-button-start-problems/?utm_source=pinterest&utm_campaign=cub-cadet-xt2-wiring,2025-04-28,and how to make safe repairs. Don't let a loose connection ruin your day – learn how to fix it! Click for detailed instructions. #CubCadetXT2 #WiringRepair #LawnMowerProblems #DIY,https://lawntrend.com/cub-cadet-xt2-push-button-start-problems/
Cub Cadet XT2: Fuel System & Starting,https://res.cloudinary.com/ddxyyzkuq/image/upload/v1745857535/pin_1_8_rhtl4n.webp,lawn-repair-ideas,,"Could a fuel system issue be preventing your XT2 from starting? Learn how to check the fuel lines, fuel filter",https://lawntrend.com/cub-cadet-xt2-push-button-start-problems/?utm_source=pinterest&utm_campaign=cub-cadet-xt2-fuel-s,2025-04-28,and carburetor for clogs or problems. We provide step-by-step instructions to ensure your engine is getting the fuel it needs. Don't let a fuel issue stop you! #CubCadetXT2 #FuelSystem #LawnMowerMaintenance #Carburetor,https://lawntrend.com/cub-cadet-xt2-push-button-start-problems/
Cub Cadet XT2: When to Call a Pro,https://res.cloudinary.com/ddxyyzkuq/image/upload/v1745857541/pin_1_9_k14pkx.webp,lawn-repair-ideas,,Sometimes,https://lawntrend.com/cub-cadet-xt2-push-button-start-problems/?utm_source=pinterest&utm_campaign=cub-cadet-xt2-when-t,2025-04-28,DIY repair isn't enough. This post helps you determine when it's time to call a professional mechanic for your Cub Cadet XT2's starting problems. Don't risk making things worse – know your limits! #CubCadetXT2 #LawnMowerRepair #ProfessionalHelp #DIYvsPro,https://lawntrend.com/cub-cadet-xt2-push-button-start-problems/
XT2 Starting Issues: Ignition System Check,https://res.cloudinary.com/ddxyyzkuq/image/upload/v1745857548/pin_1_10_zhludc.webp,lawn-mower-inspiration,,"Is your ignition system functioning correctly? Learn how to test the ignition coil, spark plug",https://lawntrend.com/cub-cadet-xt2-push-button-start-problems/?utm_source=pinterest&utm_campaign=xt2-starting-issues-,2025-04-28,and other components to ensure a strong spark. A weak spark can prevent your Cub Cadet XT2 from starting. Get your engine firing on all cylinders! #CubCadet #IgnitionSystem #XT2Repair #SparkPlug,https://lawntrend.com/cub-cadet-xt2-push-button-start-problems/
Cub Cadet XT2: Push Button Start - Resetting the System,https://res.cloudinary.com/ddxyyzkuq/image/upload/v1745857554/pin_1_11_fr9vf5.webp,lawn-repair-ideas,,Sometimes,https://lawntrend.com/cub-cadet-xt2-push-button-start-problems/?utm_source=pinterest&utm_campaign=cub-cadet-xt2-push-b,2025-04-28,a simple reset can fix your Cub Cadet XT2's push-button start problems. This post explains how to reset the system and clear any error codes. It's worth a try before diving into more complex repairs! #CubCadetXT2 #Reset #LawnMowerFix #Troubleshooting,https://lawntrend.com/cub-cadet-xt2-push-button-start-problems/
XT2: Diagnosing Intermittent Starting,https://res.cloudinary.com/ddxyyzkuq/image/upload/v1745857560/pin_1_12_rrs3ki.webp,lawn-mower-ideas,,Dealing with an XT2 that starts sometimes but not others? This post focuses on diagnosing intermittent starting problems,https://lawntrend.com/cub-cadet-xt2-push-button-start-problems/?utm_source=pinterest&utm_campaign=xt2-diagnosing-inter,2025-04-28,which can be tricky to pinpoint. We cover common causes and provide troubleshooting tips. #CubCadet #IntermittentStarting #XT2Repair #LawnMower,https://lawntrend.com/cub-cadet-xt2-push-button-start-problems/
Cub Cadet XT2: Push Button Start - Tools You'll Need,https://res.cloudinary.com/ddxyyzkuq/image/upload/v1745857566/pin_1_13_ufeua4.webp,lawn-repair-ideas,,Before you start repairing your Cub Cadet XT2's push-button start system,https://lawntrend.com/cub-cadet-xt2-push-button-start-problems/?utm_source=pinterest&utm_campaign=cub-cadet-xt2-push-b,2025-04-28,make sure you have the right tools. This post lists the essential tools you'll need for a successful repair. Be prepared! #CubCadetXT2 #Tools #LawnMowerRepair #DIYTools,https://lawntrend.com/cub-cadet-xt2-push-button-start-problems/
XT2 Starting Issues: Checking the Fuses,https://res.cloudinary.com/ddxyyzkuq/image/upload/v1745857572/pin_1_14_if70of.webp,lawn-mower-inspiration,,A blown fuse can prevent your Cub Cadet XT2 from starting. Learn how to locate and check the fuses,https://lawntrend.com/cub-cadet-xt2-push-button-start-problems/?utm_source=pinterest&utm_campaign=xt2-starting-issues-,2025-04-28,and how to replace them if necessary. It's a quick and easy fix! #CubCadet #Fuses #XT2Repair #LawnMowerMaintenance,https://lawntrend.com/cub-cadet-xt2-push-button-start-problems/
XT2 Starting Problems: Online Resources,https://res.cloudinary.com/ddxyyzkuq/image/upload/v1745857578/pin_1_15_hn7orr.webp,lawn-mower-inspiration,,"Need more help? This post provides a list of helpful online resources for Cub Cadet XT2 owners, including forums, manuals",https://lawntrend.com/cub-cadet-xt2-push-button-start-problems/?utm_source=pinterest&utm_campaign=xt2-starting-problem,2025-04-28,and parts diagrams. Get the support you need! #CubCadet #OnlineResources #XT2Repair #LawnMowerCommunity,https://lawntrend.com/cub-cadet-xt2-push-button-start-problems/
Cub Cadet,https://res.cloudinary.com/ddxyyzkuq/image/upload/v1745857584/pin_1_16_yjk7v6.webp,lawn-repair-ideas,,"XT2,LawnMower",https://lawntrend.com/cub-cadet-xt2-push-button-start-problems/?utm_source=pinterest&utm_campaign=cub-cadet,2025-04-28,Repair,https://lawntrend.com/cub-cadet-xt2-push-button-start-problems/
